FlightNumber;Date;BoosterVersion;PayloadMass;Payload;Orbit;LaunchSite;LandingOutcome;Flights;GridFins;Reused;Legs;LandingPad;Block;Customers;Mission_Outcome;ReusedCount;Serial;Longitude;Latitude
6;04/06/2010;Falcon 9;8.028.741.946.308.720;Dragon Qualification Unit;LEO;CCSFS SLC 40;None None;1;False;False;False;;1.0;S,p,a,c,e,X;True;0;B0003;-80.577.366;285.618.571
8;22/05/2012;Falcon 9;525.0;COTS Demo Flight 2;LEO;CCSFS SLC 40;None None;1;False;False;False;;1.0;N,A,S,A,(,C,O,T,S,);True;0;B0005;-80.577.366;285.618.571
10;01/03/2013;Falcon 9;677.0;CRS-2;ISS;CCSFS SLC 40;None None;1;False;False;False;;1.0;N,A,S,A, ,(,C,R,S,);True;0;B0007;-80.577.366;285.618.571
11;29/09/2013;Falcon 9;500.0;CASSIOPE;PO;VAFB SLC 4E;False Ocean;1;False;False;False;;1.0;M,D,A;True;0;B1003;-120.610.829;34.632.093
12;03/12/2013;Falcon 9;3170.0;SES-8;GTO;CCSFS SLC 40;None None;1;False;False;False;;1.0;S,E,S;True;0;B1004;-80.577.366;285.618.571
13;06/01/2014;Falcon 9;3325.0;Thaicom 6;GTO;CCSFS SLC 40;None None;1;False;False;False;;1.0;T,h,a,i,c,o,m;True;0;B1005;-80.577.366;285.618.571
14;18/04/2014;Falcon 9;2296.0;CRS-3;ISS;CCSFS SLC 40;True Ocean;1;False;False;True;;1.0;N,A,S,A, ,(,C,R,S,);True;0;B1006;-80.577.366;285.618.571
15;14/07/2014;Falcon 9;1316.0;Orbcomm-OG2-M1;LEO;CCSFS SLC 40;True Ocean;1;False;False;True;;1.0;O,r,b,c,o,m,m;True;0;B1007;-80.577.366;285.618.571
16;05/08/2014;Falcon 9;4535.0;AsiaSat 8;GTO;CCSFS SLC 40;None None;1;False;False;False;;1.0;A,s,i,a,S,a,t;True;0;B1008;-80.577.366;285.618.571
17;07/09/2014;Falcon 9;4428.0;AsiaSat 6;GTO;CCSFS SLC 40;None None;1;False;False;False;;1.0;A,s,i,a,S,a,t;True;0;B1011;-80.577.366;285.618.571
18;21/09/2014;Falcon 9;2216.0;CRS-4;ISS;CCSFS SLC 40;False Ocean;1;False;False;False;;1.0;N,A,S,A, ,(,C,R,S,);True;0;B1010;-80.577.366;285.618.571
19;10/01/2015;Falcon 9;2395.0;CRS-5;ISS;CCSFS SLC 40;False ASDS;1;True;False;True;5e9e3032383ecb761634e7cb;1.0;N,A,S,A, ,(,C,R,S,);True;0;B1012;-80.577.366;285.618.571
20;11/02/2015;Falcon 9;570.0;DSCOVR;ES-L1;CCSFS SLC 40;True Ocean;1;True;False;True;;1.0;N,A,S,A,,,N,O,A,A,,,U,S,A,F;True;0;B1013;-80.577.366;285.618.571
22;14/04/2015;Falcon 9;1898.0;CRS-6;ISS;CCSFS SLC 40;False ASDS;1;True;False;True;5e9e3032383ecb761634e7cb;1.0;N,A,S,A, ,(,C,R,S,);True;0;B1015;-80.577.366;285.618.571
23;27/04/2015;Falcon 9;4707.0;TürkmenÄlem 52°E / MonacoSAT;GTO;CCSFS SLC 40;None None;1;False;False;False;;1.0;T,u,r,k,m,e,n,i,s,t,a,n, ,N,a,t,i,o,n,a,l, ,S,p,a,c,e, ,A,g,e,n,c,y;True;0;B1016;-80.577.366;285.618.571
24;28/06/2015;Falcon 9;2477.0;CRS-7;ISS;CCSFS SLC 40;None ASDS;1;True;False;True;5e9e3032383ecb6bb234e7ca;1.0;N,A,S,A, ,(,C,R,S,);False;0;B1018;-80.577.366;285.618.571
25;22/12/2015;Falcon 9;2034.0;Orbcomm-OG2-M2;LEO;CCSFS SLC 40;True RTLS;1;True;False;True;5e9e3032383ecb267a34e7c7;1.0;O,r,b,c,o,m,m;True;0;B1019;-80.577.366;285.618.571
26;17/01/2016;Falcon 9;553.0;Jason-3;PO;VAFB SLC 4E;False ASDS;1;True;False;True;5e9e3033383ecbb9e534e7cc;1.0;N,A,S,A,,,N,O,A,A;True;0;B1017;-120.610.829;34.632.093
27;04/03/2016;Falcon 9;5271.0;SES-9;GTO;CCSFS SLC 40;False ASDS;1;True;False;True;5e9e3032383ecb6bb234e7ca;1.0;S,E,S;True;0;B1020;-80.577.366;285.618.571
28;08/04/2016;Falcon 9;3136.0;CRS-8;ISS;CCSFS SLC 40;True ASDS;1;True;False;True;5e9e3032383ecb6bb234e7ca;2.0;N,A,S,A, ,(,C,R,S,);True;1;B1021;-80.577.366;285.618.571
29;06/05/2016;Falcon 9;4696.0;JCSAT-2B;GTO;CCSFS SLC 40;True ASDS;1;True;False;True;5e9e3032383ecb6bb234e7ca;2.0;S,K,Y, ,P,e,r,f,e,c,t, ,J,S,A,T, ,G,r,o,u,p;True;0;B1022;-80.577.366;285.618.571
30;27/05/2016;Falcon 9;3100.0;Thaicom 8;GTO;CCSFS SLC 40;True ASDS;1;True;False;True;5e9e3032383ecb6bb234e7ca;2.0;T,h,a,i,c,o,m;True;1;B1023;-80.577.366;285.618.571
32;18/07/2016;Falcon 9;2257.0;CRS-9;ISS;CCSFS SLC 40;True RTLS;1;True;False;True;5e9e3032383ecb267a34e7c7;2.0;N,A,S,A, ,(,C,R,S,);True;1;B1025;-80.577.366;285.618.571
33;14/08/2016;Falcon 9;4600.0;JCSAT-16;GTO;CCSFS SLC 40;True ASDS;1;True;False;True;5e9e3032383ecb6bb234e7ca;2.0;S,K,Y, ,P,e,r,f,e,c,t, ,J,C,S,A,T, ,G,r,o,u,p;True;0;B1026;-80.577.366;285.618.571
34;01/09/2016;Falcon 9;5500.0;Amos-6;GTO;CCSFS SLC 40;None ASDS;1;True;False;True;5e9e3032383ecb6bb234e7ca;3.0;S,p,a,c,e,c,o,m;False;0;B1028;-80.577.366;285.618.571
35;14/01/2017;Falcon 9;9600.0;Iridium NEXT 1;PO;VAFB SLC 4E;True ASDS;1;True;False;True;5e9e3033383ecbb9e534e7cc;3.0;I,r,i,d,i,u,m, ,C,o,m,m,u,n,i,c,a,t,i,o,n,s;True;1;B1029;-120.610.829;34.632.093
36;19/02/2017;Falcon 9;2490.0;CRS-10;ISS;KSC LC 39A;True RTLS;1;True;False;True;5e9e3032383ecb267a34e7c7;3.0;N,A,S,A, ,(,C,R,S,);True;1;B1031;-806.039.558;286.080.585
37;16/03/2017;Falcon 9;5600.0;EchoStar 23;GTO;KSC LC 39A;None None;1;False;False;False;;3.0;E,c,h,o,S,t,a,r;True;0;B1030;-806.039.558;286.080.585
38;30/03/2017;Falcon 9;5300.0;SES-10;GTO;KSC LC 39A;True ASDS;2;True;True;True;5e9e3032383ecb6bb234e7ca;2.0;S,E,S;True;1;B1021;-806.039.558;286.080.585
39;01/05/2017;Falcon 9;8.028.741.946.308.720;NROL-76;LEO;KSC LC 39A;True RTLS;1;True;False;True;5e9e3032383ecb267a34e7c7;3.0;N,R,O;True;1;B1032;-806.039.558;286.080.585
40;15/05/2017;Falcon 9;6070.0;Inmarsat-5 F4;GTO;KSC LC 39A;None None;1;False;False;False;;3.0;I,n,m,a,r,s,a,t;True;0;B1034;-806.039.558;286.080.585
41;03/06/2017;Falcon 9;2708.0;CRS-11;ISS;KSC LC 39A;True RTLS;1;True;False;True;5e9e3032383ecb267a34e7c7;3.0;N,A,S,A, ,(,C,R,S,);True;1;B1035;-806.039.558;286.080.585
42;23/06/2017;Falcon 9;3669.0;BulgariaSat-1;GTO;KSC LC 39A;True ASDS;2;True;True;True;5e9e3032383ecb6bb234e7ca;3.0;B,u,l,g,a,r,i,a, ,S,a,t;True;1;B1029;-806.039.558;286.080.585
43;25/06/2017;Falcon 9;9600.0;Iridium NEXT 2;PO;VAFB SLC 4E;True ASDS;1;True;False;True;5e9e3033383ecbb9e534e7cc;3.0;I,r,i,d,i,u,m, ,C,o,m,m,u,n,i,c,a,t,i,o,n,s;True;1;B1036;-120.610.829;34.632.093
44;05/07/2017;Falcon 9;6761.0;Intelsat 35e;GTO;KSC LC 39A;None None;1;False;False;False;;3.0;I,n,t,e,l,s,a,t;True;0;B1037;-806.039.558;286.080.585
45;14/08/2017;Falcon 9;2910.0;CRS-12;ISS;KSC LC 39A;True RTLS;1;True;False;True;5e9e3032383ecb267a34e7c7;4.0;N,A,S,A, ,(,C,R,S,);True;1;B1039;-806.039.558;286.080.585
46;24/08/2017;Falcon 9;475.0;FormoSat-5;SSO;VAFB SLC 4E;True ASDS;1;True;False;True;5e9e3033383ecbb9e534e7cc;3.0;N,S,P,O, ,(,T,a,i,w,a,n,);True;1;B1038;-120.610.829;34.632.093
47;07/09/2017;Falcon 9;4990.0;X-37B OTV-5;LEO;KSC LC 39A;True RTLS;1;True;False;True;5e9e3032383ecb267a34e7c7;4.0;U,S,A,F;True;1;B1040;-806.039.558;286.080.585
48;09/10/2017;Falcon 9;9600.0;Iridium NEXT 3;PO;VAFB SLC 4E;True ASDS;1;True;False;True;5e9e3033383ecbb9e534e7cc;4.0;I,r,i,d,i,u,m, ,C,o,m,m,u,n,i,c,a,t,i,o,n,s;True;1;B1041;-120.610.829;34.632.093
49;11/10/2017;Falcon 9;5200.0;SES-11 / Echostar 105;GTO;KSC LC 39A;True ASDS;2;True;True;True;5e9e3032383ecb6bb234e7ca;3.0;S,E,S,,,E,c,h,o,s,t,a,r;True;1;B1031;-806.039.558;286.080.585
50;30/10/2017;Falcon 9;3700.0;KoreaSat 5A;GTO;KSC LC 39A;True ASDS;1;True;False;True;5e9e3032383ecb6bb234e7ca;4.0;K,T, ,C,o,r,p,o,r,a,t,i,o,n;True;0;B1042;-806.039.558;286.080.585
51;15/12/2017;Falcon 9;2205.0;CRS-13;ISS;CCSFS SLC 40;True RTLS;2;True;True;True;5e9e3032383ecb267a34e7c7;3.0;N,A,S,A, ,(,C,R,S,);True;1;B1035;-80.577.366;285.618.571
52;23/12/2017;Falcon 9;9600.0;Iridium NEXT 4;PO;VAFB SLC 4E;True Ocean;2;True;True;False;;3.0;I,r,i,d,i,u,m, ,C,o,m,m,u,n,i,c,a,t,i,o,n,s;True;1;B1036;-120.610.829;34.632.093
53;08/01/2018;Falcon 9;8.028.741.946.308.720;ZUMA;LEO;CCSFS SLC 40;True RTLS;1;True;False;True;5e9e3032383ecb267a34e7c7;4.0;N,o,r,t,h,r,o,p, ,G,r,u,m,m,a,n;True;1;B1043;-80.577.366;285.618.571
54;31/01/2018;Falcon 9;4230.0;GovSat-1;GTO;CCSFS SLC 40;True Ocean;2;True;True;True;;3.0;G,o,v,S,a,t;True;1;B1032;-80.577.366;285.618.571
57;06/03/2018;Falcon 9;6092.0;Hispasat 30W-6;GTO;CCSFS SLC 40;None None;1;True;False;True;;4.0;H,i,s,p,a,s,a,t;True;0;B1044;-80.577.366;285.618.571
58;30/03/2018;Falcon 9;9600.0;Iridium NEXT 5;PO;VAFB SLC 4E;None None;2;True;True;True;;4.0;I,r,i,d,i,u,m, ,C,o,m,m,u,n,i,c,a,t,i,o,n,s;True;1;B1041;-120.610.829;34.632.093
59;02/04/2018;Falcon 9;2760.0;CRS-14;ISS;CCSFS SLC 40;None None;2;True;True;True;;4.0;N,A,S,A, ,(,C,R,S,);True;1;B1039;-80.577.366;285.618.571
60;18/04/2018;Falcon 9;350.0;TESS;HEO;CCSFS SLC 40;True ASDS;1;True;False;True;5e9e3032383ecb6bb234e7ca;4.0;N,A,S,A;True;1;B1045;-80.577.366;285.618.571
61;11/05/2018;Falcon 9;3750.0;Bangabandhu-1;GTO;KSC LC 39A;True ASDS;1;True;False;True;5e9e3032383ecb6bb234e7ca;5.0;B,a,n,g,l,a,d,e,s,h, ,G,o,v;True;3;B1046;-806.039.558;286.080.585
63;04/06/2018;Falcon 9;5383.85;SES-12;GTO;CCSFS SLC 40;None None;2;False;True;False;;4.0;S,E,S;True;1;B1040;-80.577.366;285.618.571
64;29/06/2018;Falcon 9;2410.0;CRS-15;ISS;CCSFS SLC 40;None None;2;False;True;False;;4.0;N,A,S,A, ,(,C,R,S,);True;1;B1045;-80.577.366;285.618.571
65;22/07/2018;Falcon 9;7076.0;Telstar 19V;GTO;CCSFS SLC 40;True ASDS;1;True;False;True;5e9e3032383ecb6bb234e7ca;5.0;T,e,l,e,s,a,t;True;2;B1047;-80.577.366;285.618.571
66;25/07/2018;Falcon 9;9600.0;Iridium NEXT 7;PO;VAFB SLC 4E;True ASDS;1;True;False;True;5e9e3033383ecbb9e534e7cc;5.0;I,r,i,d,i,u,m, ,C,o,m,m,u,n,i,c,a,t,i,o,n,s;True;4;B1048;-120.610.829;34.632.093
67;07/08/2018;Falcon 9;5800.0;Telkom-4;GTO;CCSFS SLC 40;True ASDS;2;True;True;True;5e9e3032383ecb6bb234e7ca;5.0;T,e,l,k,o,m;True;3;B1046;-80.577.366;285.618.571
68;10/09/2018;Falcon 9;7060.0;Telstar 18V;GTO;CCSFS SLC 40;True ASDS;1;True;False;True;5e9e3032383ecb6bb234e7ca;5.0;T,e,l,e,s,a,t;True;9;B1049;-80.577.366;285.618.571
69;08/10/2018;Falcon 9;2800.0;SAOCOM 1A;SSO;VAFB SLC 4E;True RTLS;2;True;True;True;5e9e3032383ecb554034e7c9;5.0;C,O,N,A,E;True;4;B1048;-120.610.829;34.632.093
70;15/11/2018;Falcon 9;3000.0;Es’hail 2;GTO;KSC LC 39A;True ASDS;2;True;True;True;5e9e3032383ecb6bb234e7ca;5.0;E,s,’,h,a,i,l,S,a,t;True;2;B1047;-806.039.558;286.080.585
71;03/12/2018;Falcon 9;4000.0;SSO-A;SSO;VAFB SLC 4E;True ASDS;3;True;True;True;5e9e3033383ecbb9e534e7cc;5.0;S,p,a,c,e,f,l,i,g,h,t, ,I,n,d,u,s,t,r,i,e,s,,, ,I,n,c;True;3;B1046;-120.610.829;34.632.093
72;05/12/2018;Falcon 9;2573.0;CRS-16;ISS;CCSFS SLC 40;False RTLS;1;True;False;True;5e9e3032383ecb267a34e7c7;5.0;N,A,S,A, ,(,C,R,S,);True;0;B1050;-80.577.366;285.618.571
73;23/12/2018;Falcon 9;4400.0;GPS III SV01;MEO;CCSFS SLC 40;None None;1;False;False;False;;5.0;U,S,A,F;True;0;B1054;-80.577.366;285.618.571
74;11/01/2019;Falcon 9;9600.0;Iridium NEXT 8;PO;VAFB SLC 4E;True ASDS;2;True;True;True;5e9e3033383ecbb9e534e7cc;5.0;I,r,i,d,i,u,m, ,C,o,m,m,u,n,i,c,a,t,i,o,n,s;True;9;B1049;-120.610.829;34.632.093
76;02/03/2019;Falcon 9;12259.0;CCtCap Demo Mission 1;ISS;KSC LC 39A;True ASDS;1;True;False;True;5e9e3032383ecb6bb234e7ca;5.0;N,A,S,A, ,(,C,C,t,C,a,p,);True;12;B1051;-806.039.558;286.080.585
78;04/05/2019;Falcon 9;2482.0;CRS-17;ISS;CCSFS SLC 40;True ASDS;1;True;False;True;5e9e3032383ecb6bb234e7ca;5.0;N,A,S,A, ,(,C,R,S,);True;3;B1056;-80.577.366;285.618.571
79;24/05/2019;Falcon 9;13200.0;Starlink v0.9;VLEO;CCSFS SLC 40;True ASDS;3;True;True;True;5e9e3032383ecb6bb234e7ca;5.0;S,p,a,c,e,X;True;9;B1049;-80.577.366;285.618.571
80;12/06/2019;Falcon 9;1425.0;RADARSAT Constellation;SSO;VAFB SLC 4E;True RTLS;2;True;True;True;5e9e3032383ecb554034e7c9;5.0;C,S,A;True;12;B1051;-120.610.829;34.632.093
82;25/07/2019;Falcon 9;2227.7;CRS-18;ISS;CCSFS SLC 40;True RTLS;2;True;True;True;5e9e3032383ecb267a34e7c7;5.0;N,A,S,A, ,(,C,R,S,);True;3;B1056;-80.577.366;285.618.571
83;06/08/2019;Falcon 9;6500.0;Amos-17;GTO;CCSFS SLC 40;None None;3;False;True;False;;5.0;S,p,a,c,e,c,o,m;True;2;B1047;-80.577.366;285.618.571
84;11/11/2019;Falcon 9;15600.0;Starlink-1;VLEO;CCSFS SLC 40;True ASDS;4;True;True;True;5e9e3032383ecb6bb234e7ca;5.0;S,p,a,c,e,X;True;4;B1048;-80.577.366;285.618.571
85;05/12/2019;Falcon 9;5000.0;CRS-19;ISS;CCSFS SLC 40;True ASDS;1;True;False;True;5e9e3032383ecb6bb234e7ca;5.0;N,A,S,A, ,(,C,R,S,);True;5;B1059;-80.577.366;285.618.571
86;17/12/2019;Falcon 9;6800.0;JCSat 18 / Kacific 1;GTO;CCSFS SLC 40;True ASDS;3;True;True;True;5e9e3032383ecb6bb234e7ca;5.0;S,K,Y, ,P,e,r,f,e,c,t, ,J,S,A,T, ,C,o,r,p,o,r,a,t,i,o,n,,,K,a,c,i,f,i,c, ,B,r,o,a,d,b,a,n,d, ,S,a,t,e,l,l,i,t,e,s, ,P,t,e, ,L,t,d;True;3;B1056;-80.577.366;285.618.571
87;07/01/2020;Falcon 9;15600.0;Starlink-2;VLEO;CCSFS SLC 40;True ASDS;4;True;True;True;5e9e3032383ecb6bb234e7ca;5.0;S,p,a,c,e,X;True;9;B1049;-80.577.366;285.618.571
88;19/01/2020;Falcon 9;8.028.741.946.308.720;Crew Dragon In Flight Abort Test;SO;KSC LC 39A;None None;4;False;True;False;;5.0;N,A,S,A, ,(,C,C,t,C,a,p,);True;3;B1046;-806.039.558;286.080.585
89;29/01/2020;Falcon 9;15600.0;Starlink-3;VLEO;CCSFS SLC 40;True ASDS;3;True;True;True;5e9e3032383ecb6bb234e7ca;5.0;S,p,a,c,e,X;True;12;B1051;-80.577.366;285.618.571
90;17/02/2020;Falcon 9;15600.0;Starlink-4;VLEO;CCSFS SLC 40;False ASDS;4;True;True;True;5e9e3032383ecb6bb234e7ca;5.0;S,p,a,c,e,X;True;3;B1056;-80.577.366;285.618.571
91;07/03/2020;Falcon 9;1977.0;CRS-20;ISS;CCSFS SLC 40;True RTLS;2;True;True;True;5e9e3032383ecb267a34e7c7;5.0;N,A,S,A, ,(,C,R,S,);True;5;B1059;-80.577.366;285.618.571
92;18/03/2020;Falcon 9;15600.0;Starlink-5;VLEO;KSC LC 39A;False ASDS;5;True;True;True;5e9e3032383ecb6bb234e7ca;5.0;S,p,a,c,e,X;True;4;B1048;-806.039.558;286.080.585
93;22/04/2020;Falcon 9;15600.0;Starlink-6;VLEO;KSC LC 39A;True ASDS;4;True;True;True;5e9e3032383ecb6bb234e7ca;5.0;S,p,a,c,e,X;True;12;B1051;-806.039.558;286.080.585
94;30/05/2020;Falcon 9;9525.0;CCtCap Demo Mission 2;ISS;KSC LC 39A;True ASDS;1;True;False;True;5e9e3032383ecb6bb234e7ca;5.0;N,A,S,A, ,(,C,C,t,C,a,p,);True;13;B1058;-806.039.558;286.080.585
95;04/06/2020;Falcon 9;15600.0;Starlink-7;VLEO;CCSFS SLC 40;True ASDS;5;True;True;True;5e9e3033383ecbb9e534e7cc;5.0;S,p,a,c,e,X;True;9;B1049;-80.577.366;285.618.571
96;13/06/2020;Falcon 9;15600.0;Starlink-8;VLEO;CCSFS SLC 40;True ASDS;3;True;True;True;5e9e3032383ecb6bb234e7ca;5.0;S,p,a,c,e,X;True;5;B1059;-80.577.366;285.618.571
97;30/06/2020;Falcon 9;3880.0;GPS III SV03 (Columbus);MEO;CCSFS SLC 40;True ASDS;1;True;False;True;5e9e3033383ecbb9e534e7cc;5.0;U,S,A,F;True;12;B1060;-80.577.366;285.618.571
98;20/07/2020;Falcon 9;8.028.741.946.308.720;ANASIS-II;GEO;CCSFS SLC 40;True ASDS;2;True;True;True;5e9e3033383ecbb9e534e7cc;5.0;S,o,u,t,h, ,K,o,r,e,a;True;13;B1058;-80.577.366;285.618.571
100;18/08/2020;Falcon 9;15600.0;Starlink-10;VLEO;CCSFS SLC 40;True ASDS;6;True;True;True;5e9e3032383ecb6bb234e7ca;5.0;S,p,a,c,e,X;True;9;B1049;-80.577.366;285.618.571
101;30/08/2020;Falcon 9;1600.0;SAOCOM 1B;SSO;CCSFS SLC 40;True RTLS;4;True;True;True;5e9e3032383ecb267a34e7c7;5.0;C,O,N,A,E;True;5;B1059;-80.577.366;285.618.571
102;03/09/2020;Falcon 9;15600.0;Starlink-11;VLEO;KSC LC 39A;True ASDS;2;True;True;True;5e9e3032383ecb6bb234e7ca;5.0;S,p,a,c,e,X;True;12;B1060;-806.039.558;286.080.585
103;06/10/2020;Falcon 9;15600.0;Starlink-12;VLEO;KSC LC 39A;True ASDS;3;True;True;True;5e9e3032383ecb6bb234e7ca;5.0;S,p,a,c,e,X;True;13;B1058;-806.039.558;286.080.585
104;18/10/2020;Falcon 9;15600.0;Starlink-13;VLEO;KSC LC 39A;True ASDS;6;True;True;True;5e9e3032383ecb6bb234e7ca;5.0;S,p,a,c,e,X;True;12;B1051;-806.039.558;286.080.585
105;24/10/2020;Falcon 9;15600.0;Starlink-14;VLEO;CCSFS SLC 40;True ASDS;3;True;True;True;5e9e3033383ecbb9e534e7cc;5.0;S,p,a,c,e,X;True;12;B1060;-80.577.366;285.618.571
106;05/11/2020;Falcon 9;3681.0;GPS III SV04 (Sacagawea);MEO;CCSFS SLC 40;True ASDS;1;True;False;True;5e9e3032383ecb6bb234e7ca;5.0;U,n,i,t,e,d, ,S,t,a,t,e,s, ,S,p,a,c,e, ,F,o,r,c,e;True;8;B1062;-80.577.366;285.618.571
107;16/11/2020;Falcon 9;8.028.741.946.308.720;Crew-1;ISS;KSC LC 39A;True ASDS;1;True;False;True;5e9e3033383ecbb9e534e7cc;5.0;N,A,S,A, ,(,C,C,t,C,a,p,);True;9;B1061;-806.039.558;286.080.585
108;21/11/2020;Falcon 9;1440.0;Sentinel-6 Michael Freilich;PO;VAFB SLC 4E;True RTLS;1;True;False;True;5e9e3032383ecb554034e7c9;5.0;N,A,S,A;True;6;B1063;-120.610.829;34.632.093
109;25/11/2020;Falcon 9;15600.0;Starlink-15;VLEO;CCSFS SLC 40;True ASDS;7;True;True;True;5e9e3032383ecb6bb234e7ca;5.0;S,p,a,c,e,X;True;9;B1049;-80.577.366;285.618.571
110;06/12/2020;Falcon 9;2972.0;CRS-21;ISS;KSC LC 39A;True ASDS;4;True;True;True;5e9e3032383ecb6bb234e7ca;5.0;N,A,S,A, ,(,C,R,S,);True;13;B1058;-806.039.558;286.080.585
111;13/12/2020;Falcon 9;7000.0;SXM-7;GTO;CCSFS SLC 40;True ASDS;7;True;True;True;5e9e3033383ecbb9e534e7cc;5.0;S,i,r,i,u,s,X,M;True;12;B1051;-80.577.366;285.618.571
112;19/12/2020;Falcon 9;8.028.741.946.308.720;NROL-108;;KSC LC 39A;True RTLS;5;True;True;True;5e9e3032383ecb267a34e7c7;5.0;N,a,t,i,o,n,a,l, ,R,e,c,o,n,n,a,i,s,s,a,n,c,e, ,O,f,f,i,c,e;True;5;B1059;-806.039.558;286.080.585
113;08/01/2021;Falcon 9;3500.0;Turksat 5A;GTO;CCSFS SLC 40;True ASDS;4;True;True;True;5e9e3033383ecbb9e534e7cc;5.0;T,u,r,k,s,a,t;True;12;B1060;-80.577.366;285.618.571
114;20/01/2021;Falcon 9;15600.0;Starlink-16;VLEO;KSC LC 39A;True ASDS;8;True;True;True;5e9e3033383ecbb9e534e7cc;5.0;S,p,a,c,e,X;True;12;B1051;-806.039.558;286.080.585
115;24/01/2021;Falcon 9;8.028.741.946.308.720;Transporter-1;SSO;CCSFS SLC 40;True ASDS;5;True;True;True;5e9e3032383ecb6bb234e7ca;5.0;;True;13;B1058;-80.577.366;285.618.571
116;04/02/2021;Falcon 9;15600.0;Starlink-18;VLEO;CCSFS SLC 40;True ASDS;5;True;True;True;5e9e3032383ecb6bb234e7ca;5.0;S,p,a,c,e,X;True;12;B1060;-80.577.366;285.618.571
117;16/02/2021;Falcon 9;15600.0;Starlink-19;VLEO;CCSFS SLC 40;False ASDS;6;True;True;True;5e9e3032383ecb6bb234e7ca;5.0;S,p,a,c,e,X;True;5;B1059;-80.577.366;285.618.571
118;04/03/2021;Falcon 9;15600.0;Starlink-17;VLEO;KSC LC 39A;True ASDS;8;True;True;True;5e9e3032383ecb6bb234e7ca;5.0;S,p,a,c,e,X;True;9;B1049;-806.039.558;286.080.585
119;11/03/2021;Falcon 9;15600.0;Starlink-20;VLEO;CCSFS SLC 40;True ASDS;6;True;True;True;5e9e3033383ecbb9e534e7cc;5.0;S,p,a,c,e,X;True;13;B1058;-80.577.366;285.618.571
120;14/03/2021;Falcon 9;15600.0;Starlink-21;VLEO;KSC LC 39A;True ASDS;9;True;True;True;5e9e3032383ecb6bb234e7ca;5.0;S,p,a,c,e,X;True;12;B1051;-806.039.558;286.080.585
121;24/03/2021;Falcon 9;15600.0;Starlink-22;VLEO;CCSFS SLC 40;True ASDS;6;True;True;True;5e9e3032383ecb6bb234e7ca;5.0;S,p,a,c,e,X;True;12;B1060;-80.577.366;285.618.571
122;07/04/2021;Falcon 9;15600.0;Starlink-23;VLEO;CCSFS SLC 40;True ASDS;7;True;True;True;5e9e3032383ecb6bb234e7ca;5.0;S,p,a,c,e,X;True;13;B1058;-80.577.366;285.618.571
123;23/04/2021;Falcon 9;8.028.741.946.308.720;Crew-2;ISS;KSC LC 39A;True ASDS;2;True;True;True;5e9e3032383ecb6bb234e7ca;5.0;N,A,S,A, ,(,C,C,t,C,a,p,);True;9;B1061;-806.039.558;286.080.585
124;29/04/2021;Falcon 9;15600.0;Starlink-24;VLEO;CCSFS SLC 40;True ASDS;7;True;True;True;5e9e3033383ecbb9e534e7cc;5.0;S,p,a,c,e,X;True;12;B1060;-80.577.366;285.618.571
125;04/05/2021;Falcon 9;15600.0;Starlink-25;VLEO;KSC LC 39A;True ASDS;9;True;True;True;5e9e3032383ecb6bb234e7ca;5.0;S,p,a,c,e,X;True;9;B1049;-806.039.558;286.080.585
126;09/05/2021;Falcon 9;15600.0;Starlink-27;VLEO;CCSFS SLC 40;True ASDS;10;True;True;True;5e9e3032383ecb6bb234e7ca;5.0;S,p,a,c,e,X;True;12;B1051;-80.577.366;285.618.571
128;26/05/2021;Falcon 9;15600.0;Starlink-28;VLEO;CCSFS SLC 40;True ASDS;2;True;True;True;5e9e3033383ecbb9e534e7cc;5.0;S,p,a,c,e,X;True;6;B1063;-80.577.366;285.618.571
129;03/06/2021;Falcon 9;3328.0;CRS-22;ISS;KSC LC 39A;True ASDS;1;True;False;True;5e9e3032383ecb6bb234e7ca;5.0;N,A,S,A, ,(,C,R,S,);True;5;B1067;-806.039.558;286.080.585
130;06/06/2021;Falcon 9;7000.0;SXM-8;GTO;CCSFS SLC 40;True ASDS;3;True;True;True;5e9e3033383ecbb9e534e7cc;5.0;S,i,r,i,u,s,X,M;True;9;B1061;-80.577.366;285.618.571
131;17/06/2021;Falcon 9;3681.0;GPS III SV05;MEO;CCSFS SLC 40;True ASDS;2;True;True;True;5e9e3033383ecbb9e534e7cc;5.0;U,S,A,F;True;8;B1062;-80.577.366;285.618.571
132;30/06/2021;Falcon 9;8.028.741.946.308.720;Transporter-2;SSO;CCSFS SLC 40;True RTLS;8;True;True;True;5e9e3032383ecb267a34e7c7;5.0;;True;12;B1060;-80.577.366;285.618.571
133;29/08/2021;Falcon 9;8.028.741.946.308.720;CRS-23;ISS;KSC LC 39A;True ASDS;4;True;True;True;5e9e3033383ecb075134e7cd;5.0;N,A,S,A, ,(,C,R,S,);True;9;B1061;-806.039.558;286.080.585
134;14/09/2021;Falcon 9;15600.0;Starlink 2-1 (v1.5);PO;VAFB SLC 4E;True ASDS;10;True;True;True;5e9e3032383ecb6bb234e7ca;5.0;S,p,a,c,e,X;True;9;B1049;-120.610.829;34.632.093
135;16/09/2021;Falcon 9;8.028.741.946.308.720;Inspiration4;LEO;KSC LC 39A;True ASDS;3;True;True;True;5e9e3033383ecbb9e534e7cc;5.0;J,a,r,e,d, ,I,s,a,a,c,m,a,n;True;8;B1062;-806.039.558;286.080.585
136;11/11/2021;Falcon 9;12519.0;Crew-3;ISS;KSC LC 39A;True ASDS;2;True;True;True;5e9e3033383ecb075134e7cd;5.0;N,A,S,A, ,(,C,C,t,C,a,p,);True;5;B1067;-806.039.558;286.080.585
137;13/11/2021;Falcon 9;13260.0;Starlink 4-1 (v1.5);LEO;CCSFS SLC 40;True ASDS;9;True;True;True;5e9e3033383ecbb9e534e7cc;5.0;S,p,a,c,e,X;True;13;B1058;-80.577.366;285.618.571
138;24/11/2021;Falcon 9;670.0;DART (Double Asteroid Redirection Test);TLI;VAFB SLC 4E;True ASDS;2;True;True;True;5e9e3032383ecb6bb234e7ca;5.0;N,A,S,A;True;6;B1063;-120.610.829;34.632.093
139;01/12/2021;Falcon 9;13260.0;Starlink 4-3 (v1.5);PO;CCSFS SLC 40;True ASDS;9;True;True;True;5e9e3033383ecb075134e7cd;5.0;S,p,a,c,e,X;True;12;B1060;-80.577.366;285.618.571
140;09/12/2021;Falcon 9;330.0;IPXE;LEO;KSC LC 39A;True ASDS;5;True;True;True;5e9e3033383ecbb9e534e7cc;5.0;N,A,S,A,,,A,S,I;True;9;B1061;-806.039.558;286.080.585
141;18/12/2021;Falcon 9;13260.0;Starlink 4-4 (v1.5);PO;VAFB SLC 4E;True ASDS;11;True;True;True;5e9e3032383ecb6bb234e7ca;5.0;S,p,a,c,e,X;True;12;B1051;-120.610.829;34.632.093
142;19/12/2021;Falcon 9;3500.0;Türksat 5B;GTO;CCSFS SLC 40;True ASDS;3;True;True;True;5e9e3033383ecb075134e7cd;5.0;T,u,r,k,s,a,t;True;5;B1067;-80.577.366;285.618.571
143;21/12/2021;Falcon 9;8.028.741.946.308.720;CRS-24;ISS;KSC LC 39A;True ASDS;1;True;False;True;5e9e3033383ecbb9e534e7cc;5.0;N,A,S,A, ,(,C,R,S,);True;1;B1069;-806.039.558;286.080.585
144;06/01/2022;Falcon 9;13260.0;Starlink 4-5 (v1.5);VLEO;KSC LC 39A;True ASDS;4;True;True;True;5e9e3033383ecb075134e7cd;5.0;S,p,a,c,e,X;True;8;B1062;-806.039.558;286.080.585
145;13/01/2022;Falcon 9;8.028.741.946.308.720;NROL-87;LEO;CCSFS SLC 40;True RTLS;10;True;True;True;5e9e3032383ecb267a34e7c7;5.0;N,a,t,i,o,n,a,l, ,R,e,c,o,n,n,a,i,s,s,a,n,c,e, ,O,f,f,i,c,e,,,U,S,A,F;True;13;B1058;-80.577.366;285.618.571
146;19/01/2022;Falcon 9;13260.0;Starlink 4-6 (v1.5);VLEO;KSC LC 39A;True ASDS;10;True;True;True;5e9e3033383ecb075134e7cd;5.0;S,p,a,c,e,X;True;12;B1060;-806.039.558;286.080.585
147;31/01/2022;Falcon 9;2240.0;CSG-2;SSO;CCSFS SLC 40;True RTLS;3;True;True;True;5e9e3032383ecb267a34e7c7;5.0;E,S,A;True;6;B1052;-80.577.366;285.618.571
148;02/02/2022;Falcon 9;8.028.741.946.308.720;NROL-87;LEO;VAFB SLC 4E;True RTLS;1;True;False;True;5e9e3032383ecb554034e7c9;5.0;N,a,t,i,o,n,a,l, ,R,e,c,o,n,n,a,i,s,s,a,n,c,e, ,O,f,f,i,c,e,,,U,S,A,F;True;3;B1071;-120.610.829;34.632.093
149;03/02/2022;Falcon 9;13260.0;Starlink 4-7 (v1.5);VLEO;KSC LC 39A;True ASDS;6;True;True;True;5e9e3033383ecb075134e7cd;5.0;S,p,a,c,e,X;True;9;B1061;-806.039.558;286.080.585
150;21/02/2022;Falcon 9;13260.0;Starlink 4-8 (v1.5);VLEO;CCSFS SLC 40;True ASDS;11;True;True;True;5e9e3033383ecb075134e7cd;5.0;S,p,a,c,e,X;True;13;B1058;-80.577.366;285.618.571
151;25/02/2022;Falcon 9;13260.0;Starlink 4-11 (v1.5);VLEO;VAFB SLC 4E;True ASDS;4;True;True;True;5e9e3032383ecb6bb234e7ca;5.0;S,p,a,c,e,X;True;6;B1063;-120.610.829;34.632.093
152;03/03/2022;Falcon 9;13260.0;Starlink 4-9 (v1.5);VLEO;KSC LC 39A;True ASDS;11;True;True;True;5e9e3033383ecbb9e534e7cc;5.0;S,p,a,c,e,X;True;12;B1060;-806.039.558;286.080.585
153;09/03/2022;Falcon 9;13260.0;Starlink 4-10 (v1.5);VLEO;CCSFS SLC 40;True ASDS;4;True;True;True;5e9e3033383ecb075134e7cd;5.0;S,p,a,c,e,X;True;6;B1052;-80.577.366;285.618.571
154;19/03/2022;Falcon 9;13260.0;Starlink 4-12 (v1.5);VLEO;CCSFS SLC 40;True ASDS;12;True;True;True;5e9e3033383ecbb9e534e7cc;5.0;S,p,a,c,e,X;True;12;B1051;-80.577.366;285.618.571
155;01/04/2022;Falcon 9;8.028.741.946.308.720;Transporter-4;SSO;CCSFS SLC 40;True ASDS;7;True;True;True;5e9e3033383ecbb9e534e7cc;5.0;;True;9;B1061;-80.577.366;285.618.571
156;08/04/2022;Falcon 9;8.028.741.946.308.720;Ax-1;ISS;KSC LC 39A;True ASDS;5;True;True;True;5e9e3033383ecb075134e7cd;5.0;A,x,i,o,m, ,S,p,a,c,e;True;8;B1062;-806.039.558;286.080.585
157;17/04/2022;Falcon 9;8.028.741.946.308.720;NROL-85;LEO;VAFB SLC 4E;True RTLS;2;True;True;True;5e9e3032383ecb554034e7c9;5.0;U,S,A,F,,,N,a,t,i,o,n,a,l, ,R,e,c,o,n,n,a,i,s,s,a,n,c,e, ,O,f,f,i,c,e;True;3;B1071;-120.610.829;34.632.093
158;21/04/2022;Falcon 9;13260.0;Starlink 4-14 (v1.5);VLEO;CCSFS SLC 40;True ASDS;12;True;True;True;5e9e3033383ecbb9e534e7cc;5.0;S,p,a,c,e,X;True;12;B1060;-80.577.366;285.618.571
159;27/04/2022;Falcon 9;8.028.741.946.308.720;Crew-4;ISS;KSC LC 39A;True ASDS;4;True;True;True;5e9e3033383ecb075134e7cd;5.0;N,A,S,A, ,(,C,C,t,C,a,p,);True;5;B1067;-806.039.558;286.080.585
160;29/04/2022;Falcon 9;13260.0;Starlink 4-16 (v1.5);VLEO;CCSFS SLC 40;True ASDS;6;True;True;True;5e9e3033383ecbb9e534e7cc;5.0;S,p,a,c,e,X;True;8;B1062;-80.577.366;285.618.571
161;06/05/2022;Falcon 9;13260.0;Starlink 4-17 (v1.5);VLEO;KSC LC 39A;True ASDS;12;True;True;True;5e9e3033383ecb075134e7cd;5.0;S,p,a,c,e,X;True;13;B1058;-806.039.558;286.080.585
162;13/05/2022;Falcon 9;13260.0;Starlink 4-13 (v1.5);VLEO;VAFB SLC 4E;True ASDS;5;True;True;True;5e9e3032383ecb6bb234e7ca;5.0;S,p,a,c,e,X;True;6;B1063;-120.610.829;34.632.093
163;14/05/2022;Falcon 9;13260.0;Starlink 4-15 (v1.5);VLEO;CCSFS SLC 40;True ASDS;1;True;False;True;5e9e3033383ecbb9e534e7cc;5.0;S,p,a,c,e,X;True;2;B1073;-80.577.366;285.618.571
164;18/05/2022;Falcon 9;13260.0;Starlink 4-18 (v1.5);VLEO;KSC LC 39A;True ASDS;5;True;True;True;5e9e3033383ecb075134e7cd;5.0;S,p,a,c,e,X;True;6;B1052;-806.039.558;286.080.585
165;25/05/2022;Falcon 9;8.028.741.946.308.720;Transporter-5;SSO;CCSFS SLC 40;True RTLS;8;True;True;True;5e9e3032383ecb267a34e7c7;5.0;;True;9;B1061;-80.577.366;285.618.571
166;08/06/2022;Falcon 9;3938.0;Nilesat-301;GEO;CCSFS SLC 40;True ASDS;7;True;True;True;5e9e3033383ecbb9e534e7cc;5.0;N,i,l,e,s,a,t;True;8;B1062;-80.577.366;285.618.571
167;01/06/2022;Falcon 9;13260.0;Starlink 4-19 (v1.5);VLEO;KSC LC 39A;True ASDS;13;True;True;True;5e9e3033383ecb075134e7cd;5.0;S,p,a,c,e,X;True;12;B1060;-806.039.558;286.080.585
168;18/06/2022;Falcon 9;2200.0;SARah 1;SSO;VAFB SLC 4E;True RTLS;3;True;True;True;5e9e3032383ecb554034e7c9;5.0;O,H,B,-,S,y,s,t,e,m,,,A,G,,,B,u,n,d,e,s,w,e,h,r;True;3;B1071;-120.610.829;34.632.093
169;19/06/2022;Falcon 9;700.0;Globalstar FM15;LEO;CCSFS SLC 40;True ASDS;9;True;True;True;5e9e3033383ecbb9e534e7cc;5.0;G,l,o,b,a,l,s,t,a,r;True;9;B1061;-80.577.366;285.618.571
170;29/06/2022;Falcon 9;3500.0;SES-22;MEO;CCSFS SLC 40;True ASDS;2;True;True;True;5e9e3033383ecb075134e7cd;5.0;S,E,S;True;2;B1073;-80.577.366;285.618.571
171;07/07/2022;Falcon 9;13260.0;Starlink 4-21 (v1.5);VLEO;CCSFS SLC 40;True ASDS;13;True;True;True;5e9e3033383ecbb9e534e7cc;5.0;S,p,a,c,e,X;True;13;B1058;-80.577.366;285.618.571
172;11/07/2022;Falcon 9;13260.0;Starlink 3-1 (v1.5);VLEO;VAFB SLC 4E;True ASDS;6;True;True;True;5e9e3032383ecb6bb234e7ca;5.0;S,p,a,c,e,X;;6;B1063;-120.610.829;34.632.093
173;15/07/2022;Falcon 9;8.028.741.946.308.720;CRS-25;ISS;KSC LC 39A;True ASDS;5;True;True;True;5e9e3033383ecb075134e7cd;5.0;N,A,S,A, ,(,C,R,S,);True;5;B1067;-806.039.558;286.080.585
174;17/07/2022;Falcon 9;13260.0;Starlink 4-22 (v1.5);VLEO;CCSFS SLC 40;True ASDS;13;True;True;True;5e9e3033383ecbb9e534e7cc;5.0;S,p,a,c,e,X;True;12;B1051;-80.577.366;285.618.571
175;21/07/2022;Falcon 9;13260.0;Starlink 3-2 (v1.5);VLEO;VAFB SLC 4E;True ASDS;4;True;True;True;5e9e3032383ecb6bb234e7ca;5.0;S,p,a,c,e,X;True;3;B1071;-120.610.829;34.632.093
176;24/07/2022;Falcon 9;13260.0;Starlink 4-25 (v1.5);VLEO;CCSFS SLC 40;True ASDS;8;True;True;True;5e9e3033383ecb075134e7cd;5.0;S,p,a,c,e,X;True;8;B1062;-80.577.366;285.618.571
177;04/08/2022;Falcon 9;678.0;KPLO;TLI;CCSFS SLC 40;True ASDS;6;True;True;True;5e9e3033383ecbb9e534e7cc;5.0;K,A,R,I;True;6;B1052;-80.577.366;285.618.571
178;09/08/2022;Falcon 9;13260.0;Starlink 4-26 (v1.5);VLEO;KSC LC 39A;True ASDS;3;True;True;True;5e9e3033383ecb075134e7cd;5.0;S,p,a,c,e,X;True;2;B1073;-806.039.558;286.080.585
179;12/08/2022;Falcon 9;13260.0;Starlink 3-3 (v1.5);VLEO;VAFB SLC 4E;True ASDS;10;True;True;True;5e9e3032383ecb6bb234e7ca;5.0;S,p,a,c,e,X;True;9;B1061;-120.610.829;34.632.093
180;19/08/2022;Falcon 9;13260.0;Starlink 4-27 (v1.5);VLEO;CCSFS SLC 40;True ASDS;9;True;True;True;5e9e3033383ecb075134e7cd;5.0;S,p,a,c,e,X;True;8;B1062;-80.577.366;285.618.571
181;28/08/2022;Falcon 9;13260.0;Starlink 4-23 (v1.5);VLEO;KSC LC 39A;True ASDS;2;True;True;True;5e9e3033383ecb075134e7cd;5.0;S,p,a,c,e,X;True;1;B1069;-806.039.558;286.080.585
182;31/08/2022;Falcon 9;13260.0;Starlink 3-4 (v1.5);VLEO;VAFB SLC 4E;True ASDS;7;True;True;True;5e9e3032383ecb6bb234e7ca;5.0;S,p,a,c,e,X;True;6;B1063;-120.610.829;34.632.093
185;17/09/2022;Falcon 9;13260.0;Starlink 4-34 (v1.5);VLEO;CCSFS SLC 40;True ASDS;6;True;True;True;5e9e3033383ecbb9e534e7cc;5.0;S,p,a,c,e,X;True;5;B1067;-80.577.366;285.618.571
186;24/09/2022;Falcon 9;13260.0;Starlink 4-35 (v1.5);VLEO;CCSFS SLC 40;True ASDS;4;True;True;True;5e9e3033383ecbb9e534e7cc;5.0;S,p,a,c,e,X;True;0;B1072;-80.577.366;285.618.571
187;05/10/2022;Falcon 9;8.028.741.946.308.720;Crew-5;ISS;KSC LC 39A;True ASDS;1;True;False;True;5e9e3033383ecbb9e534e7cc;5.0;N,A,S,A, ,(,C,C,t,C,a,p,);True;0;B1077;-806.039.558;286.080.585
